index,precursor_mz,adduct,MS2,2h_N1,2h_N2,4h_N3,4h_N4,8h_N5,0h_N5,2h_N1.1,2h_N2.1,4h_N3.1,4h_N4.1,8h_N5.1,0h_N5.1,0h_N6,0h_N6.1
ft-00001,244.22734,[M+H]+,"[[180.17505, 48], [244.22696, 204]]",25266.38031,23768.94513,24736.41032,19898.2531,14148.69671,166484.0405,12357.26579,16316.18611,6214.104113,3785.362864,2857.770744,201089.7666,,
ft-00002,272.25897,[M+H]+,"[[272.25992, 204]]",45130.24495,38465.90239,47350.67604,30010.38944,64282.81014,240768.2856,21180.82669,23448.44764,10569.37046,5587.564256,14535.44946,280084.1101,,
ft-00003,482.32434,[M+H]+,"[[184.07365, 238], [464.31592, 46], [482.3262, 138]]",75854.16148,47599.22563,86360.24538,93656.33283,55908.89554,52399.9979,44484.51054,37781.41878,52380.71945,48893.72982,19641.62307,31867.8808,,
ft-00004,516.42749,[M+NH4]+,"[[327.25534, 66], [355.28601, 98]]",15305.85714,14398.49009,24762.90181,22892.85708,11872.881,23461.1588,7987.816578,10067.94261,11396.77817,9547.661935,2879.935803,8703.508535,,
ft-00005,530.44305,[M+NH4]+,"[[369.30273, 48]]",420.9603438,503.3167031,558.0873929,806.1088958,609.240025,1395.155325,243.0371531,221.4564997,129.7667204,429.5968424,195.3769609,553.3707001,,
ft-00006,550.55634,[M+H-H2O]+,"[[210.2234, 48], [237.22243, 134], [550.63263, 144], [551.62988, 62]]",94650.61826,83202.99794,137293.3772,98227.82265,81166.52461,129791.9859,35765.58381,37847.21036,46383.72727,29871.30799,18541.20371,50096.4261,,
ft-00007,571.43091,[M+Na]+,"[[571.43451, 80]]",439701.8585,230113.5139,404210.431,155083.8821,173109.6879,305800.7424,409255.9654,155170.8199,197363.048,58368.58816,43959.73437,127890.5063,,
ft-00008,572.49072,[M+NH4]+,"[[397.33093, 64]]",1139.164448,800.991,1145.252286,765.0863958,948.0867125,13478.67783,433.0545412,417.821308,493.3914236,379.6296321,449.3132743,14174.77508,,
ft-00009,586.50391,[M+NH4]+,"[[397.33078, 54], [425.35999, 88]]",458.3849375,481.2171875,782.1777857,494.5390833,600.8386,1519.469925,194.9173723,235.0374796,331.8971687,123.111253,287.189952,1036.25498,,
ft-00010,610.57806,[M+H-H2O]+,"[[610.57886, 96]]",41587.47441,36538.83925,34884.08106,25440.29269,59822.5392,36227.42615,38092.78413,29262.56431,19357.6853,10076.11044,40222.42844,12920.33552,,
ft-00011,614.5733,[M+NH4]+,"[[341.30518, 80], [579.53473, 404]]",96283.43222,96697.96225,75151.02235,88584.00244,96064.7905,77134.32608,40782.2262,29746.83101,5591.192522,21987.33088,24517.76064,7080.083979,,
ft-00012,636.49689,[M+H]+,"[[184.07378, 222], [618.48547, 44], [636.49579, 268]]",124147.8423,89394.09845,124083.146,98576.32304,110344.4746,120586.8829,63159.43673,60439.13046,30079.23005,27585.64165,29245.3093,48993.32924,,
ft-00013,636.59375,[M+H-H2O]+,"[[636.59485, 296]]",27516.99964,10502.13353,9265.055241,10426.03117,74693.36439,9176.57625,36371.86598,8788.838712,5262.927043,6444.891655,68411.73315,5411.880604,,
ft-00014,638.60925,[M+H-H2O]+,"[[283.26624, 86], [356.35303, 82], [544.52252, 66], [638.6109, 220]]",79234.8135,74279.46372,68952.17745,47866.9335,99767.60668,71688.8508,70416.15977,61192.47343,40608.95864,17593.0084,63100.3995,27385.02519,,
ft-00015,642.60358,[M+NH4]+,"[[341.3074, 142], [607.5675, 454]]",545806.6766,535458.7166,574998.7056,557425.202,564831.232,543773.2205,65452.43083,46817.33169,48360.76155,37275.07483,69105.24632,75515.39697,,
ft-00016,647.4599,[M+Na]+,"[[291.11478, 42], [347.17966, 78], [403.24454, 70], [441.2926, 2982], [442.2959, 526], [479.27164, 140], [516.58337, 52], [535.33368, 226], [591.39691, 1284], [591.42908, 44], [592.40332, 224], [647.10028, 50], [647.29523, 52], [647.45953, 73010], [647.51605, 42], [647.5498, 48], [647.5957, 60], [647.66101, 64], [647.69324, 70], [647.94476, 54], [648.0697, 120], [648.46295, 9408], [649.46558, 188]]",50343193.45,39722122.71,51085389.77,47398478.36,46378776.57,35970900.88,19483623.65,19846670.32,7920712.316,6701298.378,7270541.759,18690679.38,,
ft-00017,664.62476,[M+H-H2O]+,"[[664.62231, 156]]",24491.94853,11435.13592,10358.17139,11987.83225,62530.71373,9402.826263,30807.36582,9601.291424,5385.127974,5549.435896,55555.9331,5836.124386,,
ft-00018,666.64105,[M+H-H2O]+,"[[666.6413, 128]]",56238.41719,60821.07792,56630.76499,35737.00633,65366.72158,52841.54765,43274.47228,47113.3333,30101.06862,11825.15231,32944.73992,20800.55067,,
ft-00019,740.67828,[M+NH4]+,"[[467.40839, 48], [468.4158, 48], [495.43973, 144], [523.47083, 64]]",35550.59446,33060.69448,44342.03574,34065.93063,38845.06915,55082.74103,10300.97214,12266.64894,11388.62686,10097.94096,5105.136913,15451.33445,,
ft-00020,758.57153,[M+H]+,"[[184.07414, 332], [758.57361, 224]]",4494.441,4094.603453,10130.41188,17249.64858,89552.99399,4230.676225,1926.655253,2366.836954,8902.533538,2970.791526,26265.02866,1737.789374,,
ft-00021,760.5882,[M+H]+,"[[184.07224, 134], [760.59241, 104]]",20945.38489,13504.74939,29186.04046,29134.86383,66835.25011,20058.65404,12927.49315,9156.571217,15057.07783,3455.532557,18884.66917,10065.17285,,
ft-00022,764.67773,[M+NH4]+,"[[313.27429, 54], [493.42172, 42], [519.44159, 64], [521.45856, 72]]",29013.8147,26666.99919,44884.58004,32691.06613,28304.69759,44239.15701,9623.569487,12401.62784,17403.24123,9148.0877,7449.657448,15868.90688,,
ft-00023,766.46381,[M+Na]+,"[[467.37466, 48], [511.2468, 198], [567.30231, 158], [623.36597, 78], [630.8891, 52], [647.46045, 70], [654.09851, 42], [679.4303, 128], [766.46362, 184], [767.4682, 50]]",62821.8364,46289.16844,88088.42607,147993.4575,83401.9138,72009.81293,42658.36913,34356.22046,41241.11056,81487.86965,38030.36809,39322.58269,,
ft-00024,766.53082,[M+Na]+,"[[766.53845, 84]]",290220.2246,281204.6143,605918.7051,157002.3023,131619.773,392859.0083,254823.4209,189285.0326,380747.1309,158010.3258,42647.90431,167699.803,,
ft-00025,766.69177,[M+NH4]+,"[[495.44482, 68], [521.45776, 42]]",69749.60401,66812.25728,103187.0203,78188.34715,68394.5629,102148.28,24390.32881,25946.82452,36109.94726,20880.31972,16197.25848,33612.37903,,
ft-00026,768.70807,[M+NH4]+,"[[495.4404, 184], [523.47241, 122]]",100561.2466,89149.97731,123490.8898,96079.66642,102080.7076,142104.6728,24753.62381,26300.11729,32474.45154,19355.53809,20656.03975,38963.52452,,
ft-00027,778.69183,[M+NH4]+,"[[521.45404, 46], [547.47015, 74]]",34233.99236,27721.65631,53673.28472,32123.91469,27046.09969,44835.99653,13015.20848,15912.91459,26134.14352,2024.811911,4645.186254,17076.84642,,
ft-00028,780.70679,[M+NH4]+,"[[509.45718, 148], [521.45935, 52], [535.47174, 54]]",67675.0737,65890.23803,92032.56822,69167.51892,67947.73681,80988.70295,18793.36062,24779.63122,26997.3757,1431.93263,23187.21938,29578.5971,,
ft-00029,782.57086,[M+H]+,"[[782.57544, 64]]",1204.940667,690.1088125,2595.827911,5909.174583,30926.2007,453.000375,798.1909557,469.6627627,3262.452426,2055.749139,8533.00645,230.4759518,,
ft-00030,782.57135,[M+H]+,"[[184.07365, 112], [782.57343, 88]]",2044.97075,1757.852281,4853.008491,6755.428625,49608.54123,1732.749238,768.8115307,1273.911343,3566.536694,1871.349136,18617.85582,890.0012551,,
ft-00031,782.72491,[M+NH4]+,"[[509.45825, 84], [523.47229, 68], [537.48724, 62]]",86022.41659,101351.8847,110699.3124,93675.01921,101487.2676,109521.4114,23916.13713,32850.10195,34090.18751,42588.7408,27803.55551,27076.65118,,
ft-00032,784.57782,[M+Na]+,"[[784.57678, 142]]",13915.24493,9926.296563,26845.9609,10517.3884,9841.87405,15877.17386,6622.749502,6666.597962,23246.61436,1204.228146,3272.069695,6187.789846,,
ft-00033,784.58698,[M+H]+,"[[184.07291, 194], [504.34543, 46], [784.58606, 178]]",2206.101385,2510.943688,10191.90707,22453.1061,95339.24774,1620.595675,1015.351361,935.6793511,11662.12438,6501.11325,27149.38526,720.5780995,,
ft-00034,786.60114,[M+H]+,"[[184.07295, 296], [185.08598, 56], [504.34732, 42], [777.74408, 46], [786.60016, 178]]",82807.81031,45319.62514,94847.04829,47423.68817,107066.0609,75161.76911,61722.04068,41566.12847,46638.31178,18370.72531,57150.77559,47135.32506,,
ft-00035,786.60321,[M+H]+,"[[184.07419, 140], [786.604, 66]]",9842.888281,10919.24609,15604.30351,32326.68415,108571.9234,9697.968975,4345.681149,2116.437273,13711.92577,9259.825122,31824.70525,2859.922376,,
ft-00036,788.617,[M+H]+,"[[184.07309, 162], [788.62292, 134], [789.62183, 42]]",5609.76051,4911.649203,10101.90824,21599.00404,53589.66155,5369.971625,2352.641858,1201.330645,7404.430979,7043.326451,13393.85952,1826.695294,,
ft-00037,792.70685,[M+NH4]+,"[[519.44354, 136], [521.4577, 304], [549.48547, 64]]",118563.1091,110933.6954,182949.5212,133526.7915,117636.2169,173192.9298,39741.96044,46052.73716,65936.02888,38811.79565,30032.07724,60608.44218,,
ft-00038,794.72198,[M+NH4]+,"[[521.4585, 300], [523.47266, 304], [524.47601, 66], [535.47485, 68], [549.4892, 284]]",229722.5353,210009.1958,337463.2929,249075.8998,211234.5439,324504.5489,74971.08857,88841.18611,122930.6617,70618.83143,55772.86489,108008.4684,,
ft-00039,806.72546,[M+NH4]+,"[[533.45947, 70], [535.47406, 100], [549.48877, 88]]",132561.2433,121119.14,198115.3351,142580.0988,128172.3779,194963.1654,44451.6683,52392.84792,70107.60315,42891.21821,32658.92002,71299.85765,,
ft-00040,808.73724,[M+NH4]+,"[[521.45587, 42], [535.47412, 150], [537.49072, 264], [549.48706, 154], [552.51123, 42]]",229561.4184,212521.8431,337414.1869,252539.3783,219340.2733,326303.4734,74719.79494,89119.90871,114440.5069,66974.33725,57422.90872,110173.0353,,
ft-00041,810.75342,[M+NH4]+,"[[537.49036, 102], [551.50574, 54]]",202349.3279,186943.4729,253595.429,193403.495,192666.8394,232781.8005,50568.18581,60719.08983,73737.75883,41942.3326,46829.79469,76064.77073,,
ft-00042,820.7381,[M+NH4]+,"[[547.47272, 188], [549.48816, 448], [550.49042, 72], [565.19958, 74], [575.50354, 62], [820.73669, 72]]",304948.4328,279430.3823,457428.6715,330295.5193,291275.1972,451660.1553,101819.6655,123538.2993,170921.4437,91802.87773,76105.43933,155551.7983,,
ft-00043,822.75317,[M+NH4]+,"[[282.28, 44], [523.47009, 88], [549.48859, 644], [551.50464, 522], [552.50433, 52], [564.50647, 56], [577.52173, 132], [822.75909, 98]]",404685.0684,365673.4211,573563.2075,418629.1004,376095.2277,569396.3112,137739.4122,156962.8451,204954.2281,132155.9038,107680.4945,191968.9913,,
ft-00044,824.77051,[M+NH4]+,"[[537.49237, 110], [551.50256, 162], [565.52246, 130]]",243284.1898,219136.0398,296418.2406,224563.5105,351619.1065,296087.8552,57004.90096,56034.15042,81142.45872,54106.98786,164713.4879,71908.00824,,
ft-00045,832.7403,[M+NH4]+,"[[221.086, 80], [533.45679, 64], [535.47089, 54], [561.48969, 136], [575.50592, 110]]",64259.70185,60828.84203,93352.0897,73481.61221,68874.52091,99026.65674,21215.91459,24843.17208,29522.36999,20142.00567,17177.83872,35367.23606,,
ft-00046,834.75409,[M+NH4]+,"[[237.22296, 46], [547.46997, 44], [563.50568, 48]]",999204.5722,840805.063,1105180.931,948466.3605,952651.5573,1095302.61,464198.3702,524280.1974,276577.2193,295100.8424,332030.9595,412414.5476,,
ft-00047,836.76898,[M+NH4]+,"[[221.08197, 50], [537.48724, 48], [549.48779, 148], [563.50085, 210], [565.52075, 162], [650.86475, 50]]",225363.8598,204333.8214,315944.9375,229382.1535,218436.1084,310054.6651,77709.06857,85477.24131,114281.0626,71537.27252,64981.46783,111184.3123,,
ft-00048,838.7854,[M+NH4]+,"[[551.50372, 48], [565.51996, 144], [838.78589, 44]]",121741.0711,111532.6747,146666.3124,118845.6011,114688.8094,144859.7528,28002.23879,32738.52652,39450.98286,24906.25169,21825.74422,34894.27804,,
ft-00049,846.7536,[M+NH4]+,"[[547.4693, 60], [575.50665, 48]]",140742.7667,133977.6773,212526.9285,157280.9912,158159.1408,218112.7085,44968.3484,58061.67784,77137.04961,49137.92456,42090.00493,74767.58682,,
ft-00050,848.7691,[M+NH4]+,"[[549.48224, 46], [575.50067, 70], [577.5257, 54]]",325211.6228,319436.395,459249.5389,342244.734,371946.7632,492804.5096,105312.7981,147002.0603,164513.4796,111666.9591,112415.3048,164728.3899,,
ft-00051,850.78625,[M+NH4]+,"[[551.50317, 110], [577.51678, 56]]",394195.8377,447187.9996,528345.3308,378244.2423,477635.8698,658566.0818,141797.9637,250532.6881,218344.3417,151601.8217,171879.9739,256073.0393,,
ft-00052,852.80017,[M+NH4]+,"[[551.5025, 78], [552.50909, 64], [579.53558, 88]]",116295.1461,108450.8606,129423.7711,109222.9328,122850.6765,129489.1648,19891.46575,21182.18437,27580.34379,18294.20341,19923.65609,23894.9035,,
ft-00053,854.58331,[M+Na]+,"[[175.09669, 72], [289.21619, 58], [837.55774, 82], [854.58478, 316], [855.5918, 44]]",167628.2089,143141.9932,300929.0549,78427.46644,72553.71589,198593.239,150874.5665,95157.46343,189022.5693,79907.12067,21996.23762,81648.88696,,
ft-00054,862.78455,[M+NH4]+,"[[563.50531, 212], [575.50513, 104], [589.51764, 48], [591.53949, 84], [605.5509, 52]]",118917.9115,112258.2384,164892.6905,134807.8078,158153.7984,171764.521,36543.46989,49798.16802,55553.3454,48307.89098,49864.23477,61528.27067,,
ft-00055,864.80127,[M+NH4]+,"[[565.52142, 114], [577.51733, 74], [591.53717, 100], [864.79584, 56]]",93676.01538,93418.71056,126889.8519,102944.8959,110749.7938,132507.2814,29811.07607,38823.88046,41631.96272,32926.00454,34139.35359,45521.842,,
ft-00056,872.77197,[M+NH4]+,"[[575.50177, 188], [599.50439, 100]]",41336.65517,48397.47412,53439.70525,57375.85158,136763.7413,60920.09945,10837.30109,23649.42424,15569.9023,19986.16187,50357.79071,19835.72888,,
ft-00057,874.78613,[M+NH4]+,"[[185.13145, 52], [339.28714, 46], [575.50195, 644], [577.51855, 626], [578.52148, 44], [599.49896, 52], [601.51788, 464], [602.52411, 66], [602.56183, 44], [874.78058, 126]]",244830.935,298332.9216,333583.4013,278889.4838,407614.4007,454280.8363,90650.26058,179848.2117,145364.1561,114086.4616,144816.9626,181001.5453,,
ft-00058,876.80176,[M+NH4]+,"[[577.52045, 3550], [578.52386, 486], [590.52698, 58], [603.53522, 2608], [603.60046, 66], [604.53619, 308], [859.77509, 86], [876.80389, 422], [877.80676, 74]]",899565.1643,1279026.051,1189596.195,864381.8318,990516.8694,1989089.29,422422.4061,911004.6951,683460.2634,452712.0268,403060.0641,1050039.149,,
ft-00059,878.8175,[M+NH4]+,"[[577.52081, 362], [579.53235, 302], [605.54999, 286], [878.81818, 82]]",231044.7013,298490.54,293296.8073,224716.9907,268402.6635,413618.6363,94001.02883,191915.7213,137327.6588,102233.9272,103562.0742,183292.9876,,
ft-00060,880.8335,[M+NH4]+,"[[579.53912, 142], [607.56458, 150], [880.8371, 42]]",97498.01605,93639.71172,101296.2441,99895.68448,98846.75655,103529.1498,9892.956712,7974.459895,7701.966821,2574.984077,12441.55633,7389.656253,,
ft-00061,896.77191,[M+NH4]+,"[[597.48297, 62], [599.50128, 114]]",18887.98336,25150.0302,24497.86887,26548.60142,53861.29249,24609.93069,4687.819024,13448.52266,6573.551806,4471.470725,16750.04391,6241.617162,,
ft-00062,898.78784,[M+NH4]+,"[[599.50513, 152], [601.52295, 106]]",56093.43042,81129.04203,78199.06979,80596.70885,167664.5836,99163.54166,16514.38912,49625.26016,31652.18229,32735.00005,59264.94351,40660.71659,,
ft-00063,900.80182,[M+NH4]+,"[[601.52075, 1250], [602.52094, 96], [603.53662, 938], [604.53845, 76], [785.70374, 42], [883.77191, 44], [900.80695, 224], [901.80609, 52]]",249861.0907,353599.7903,348624.1783,291681.8165,468891.3209,562119.5541,108976.493,242674.6583,181346.874,144100.6045,186336.394,284171.5766,,
ft-00064,902.81744,[M+NH4]+,"[[603.53522, 1356], [604.54077, 202], [885.78845, 48], [902.82135, 98]]",1159475.418,1724542.775,1557477.058,1091465.69,1276029.624,2796171.392,574241.0587,1272395.781,987042.2951,604471.4402,536799.3138,1556657.845,,
ft-00065,904.83264,[M+NH4]+,"[[603.53827, 410], [605.5509, 648], [904.83301, 86]]",446155.4573,650715.7201,578459.3432,424249.516,522028.7835,970666.5806,209318.1337,464641.915,333090.7801,235223.2996,231379.0815,524920.3487,,
ft-00066,906.84894,[M+NH4]+,"[[283.26544, 42], [906.85168, 106]]",26999.18803,24073.96602,39698.56244,24292.00385,31832.19803,26195.48449,6985.106529,6894.293085,18192.30243,4718.959094,10407.34452,6673.971156,,
ft-00067,906.84906,[M+NH4]+,"[[605.54797, 62], [607.55945, 62]]",104248.7812,124192.5928,126165.6687,98636.3315,111536.7212,160168.0112,36068.03565,61396.9686,46865.26371,33136.94045,34551.45748,64500.8716,,
ft-00068,908.86462,[M+NH4]+,"[[607.5675, 308]]",123286.4466,110480.2277,123791.6123,112231.2829,119658.57,114174.0088,9167.096734,8399.142622,11121.92847,4241.362281,8716.480247,7751.666378,,
ft-00069,932.86548,[M+NH4]+,"[[603.53357, 144], [633.57745, 132]]",61459.94389,74175.49742,76083.12921,57615.95708,62741.73816,99566.72097,21441.8434,42103.85278,30754.04704,24767.42434,21538.10377,39500.7221,,
ft-00070,1002.78229,[M+Na]+,"[[1002.78107, 54]]",3502.93024,3138.249047,6690.461973,2789.009083,2420.931213,5388.957787,1267.12037,2213.369784,4433.207464,630.192198,819.1927744,2822.687015,,
ft-00071,1004.79791,[M+Na]+,"[[1004.79901, 120]]",15023.73522,16232.96852,32149.82554,12154.0176,14394.94861,25430.33211,6677.248257,7688.125518,22952.03851,1493.932329,4557.868183,9206.678266,,
ft-00072,1036.77185,[M+Na]+,"[[1036.77295, 238]]",174033.3052,94194.70453,173371.7773,62761.7514,63090.10291,129435.0519,159871.6868,63535.42568,94158.95945,29536.18687,16108.76428,53534.11942,,
ft-00073,227.20186,[M-H]-,"[[227.20151, 298]]",18442.79966,18645.46859,17401.07974,15015.78569,15315.44206,,2703.57963,1897.171377,5574.546406,132.3726875,2194.648121,,18803.46406,2271.270163
ft-00074,241.21738,[M-H]-,"[[241.21558, 178], [241.22787, 48]]",10280.19805,12143.52689,10016.08956,9861.554031,8838.134172,,2150.128897,2644.785256,3358.205554,172.0260426,2804.040265,,10675.38747,1923.769185
ft-00075,242.17714,[M-H]-,"[[181.16107, 136], [225.14938, 136], [242.15224, 52], [242.17838, 244]]",14817.96363,13817.72883,21067.89432,45538.81659,43907.54305,,6366.538844,2070.70628,13839.84914,2471.460397,32975.79087,,52871.85173,41671.15959
ft-00076,253.21805,[M-H]-,"[[253.21661, 186]]",31393.12889,29885.73139,26460.55216,23752.97734,18752.76394,,12618.18098,7411.403984,6766.667672,1284.629837,1423.577027,,29530.51489,3349.997266
ft-00077,255.23314,[M-H]-,"[[223.31462, 76], [237.22458, 98], [237.2428, 72], [254.88557, 88], [255.1395, 58], [255.23384, 10674], [255.2695, 82], [255.29776, 46], [255.33842, 66], [255.34343, 68], [255.74486, 50], [256.23364, 106]]",6375795.749,5430976.122,5215946.876,4750768.346,4863028.714,,1973059.199,405889.8294,974138.4218,146427.6788,330918.506,,5872173.086,125642.5756
ft-00078,255.23376,[M-H]-,"[[255.23135, 130]]",81233.1655,96238.12277,97038.98894,105462.8454,89515.37166,,7700.190784,5776.991609,16889.94963,547.5178188,14465.5216,,85043.09933,5261.496231
ft-00079,255.23436,[M-H]-,"[[227.96399, 78], [255.23392, 154], [255.35686, 96]]",87644.96206,60792.04644,92187.08657,136551.7175,94516.55986,,27790.35088,5252.9183,24371.98129,337.9443178,30574.98763,,100878.9135,38940.87744
ft-00080,269.24844,[M-H]-,"[[229.15459, 54], [269.24881, 378]]",11169.11991,10589.98895,10902.26896,8487.414406,9031.643938,,1325.720614,1230.304974,2106.437671,69.55142075,1444.169385,,11240.0078,1851.648535
ft-00081,269.24857,[M-H]-,"[[269.24527, 66]]",35005.47608,22644.48523,22774.53576,20362.96322,20637.19423,,7274.804236,4193.300914,5823.359341,730.9182927,1351.413964,,26638.27317,3650.068999
ft-00082,279.23334,[M-H]-,"[[279.23459, 48]]",76052.81628,48237.20048,38349.56938,42218.70341,49562.9515,,9423.687407,12590.64542,17494.49752,930.8252463,4711.2624,,45291.78077,5820.492309
ft-00083,281.24829,[M-H]-,"[[154.06323, 44], [281.24899, 1334]]",788414.0751,460957.7092,434241.8084,417389.1892,413335.3209,,422636.108,92858.95634,165922.9702,4445.361616,30653.01321,,574820.9294,56515.09108
ft-00084,283.26416,[M-H]-,"[[283.26501, 252]]",74649.40528,63942.15983,65028.31051,62330.20566,62861.4272,,23391.25689,7473.667556,10249.79837,4596.54688,3135.113797,,73874.12214,5434.742642
ft-00085,283.26453,[M-H]-,"[[283.26633, 56]]",104159.9065,85648.36641,87181.81421,129801.1128,93064.2853,,29477.14585,14386.90575,11269.52894,20836.33399,23359.1791,,131450.7001,49315.02189
ft-00086,283.26474,[M-H]-,"[[207.05623, 72], [215.33171, 52], [250.55998, 46], [265.24472, 66], [266.25537, 74], [283.20444, 76], [283.26389, 17512], [283.29416, 130], [283.31061, 94], [283.33109, 106], [283.36066, 94], [283.38504, 70], [283.40103, 82], [283.4805, 42], [283.62738, 152], [283.7142, 44], [284.20703, 42], [284.26776, 618], [286.13535, 54]]",12492062.55,9990121.255,9640378.472,8473254.444,9155272.433,,4714620.197,822843.8116,2091276.022,195206.3433,1250805.448,,11248906.79,383577.2629
ft-00087,283.26483,[M-H]-,"[[283.26456, 204]]",100973.1834,88903.37939,87838.0852,98066.62516,109400.7193,,12241.04031,7223.553572,14572.73002,3982.725072,8790.750786,,80133.03644,23328.09658
ft-00088,283.26492,[M-H]-,"[[283.26468, 96]]",119495.2202,118273.0639,128377.2909,109408.3171,107763.5062,,19335.08704,17687.37389,7578.349256,12191.01557,17540.93573,,124417.7686,18699.28812
ft-00089,309.27997,[M-H]-,"[[309.24744, 116], [309.27951, 250], [311.1662, 56]]",20100.34084,13996.45738,13338.54715,14556.61394,10975.34898,,5458.306167,2743.784168,5602.423196,625.0623304,322.1483762,,18062.69973,2318.35024
ft-00090,311.29562,[M-H]-,"[[311.16873, 48], [311.29703, 924]]",204819.9673,128827.629,127912.2324,104362.3118,118853.5124,,112245.8841,14055.93166,45685.98223,1657.656904,14365.22984,,154257.82,5036.726992
ft-00091,337.31201,[M-H]-,"[[337.3136, 100]]",24418.41472,22121.40097,43612.66215,212288.296,41388.32352,,4485.166855,3281.073905,25701.94531,601.2287218,15038.18471,,84512.88475,43046.66805
ft-00092,339.32755,[M-H]-,"[[339.31949, 72]]",66029.84716,52404.71458,52275.2047,41009.52631,47990.98894,,7058.215667,8432.132695,18400.06005,3897.886887,7662.64637,,61199.00228,2760.892728
ft-00093,353.17477,[M-H]-,"[[240.03807, 42], [353.12927, 64], [353.14587, 62], [353.17499, 790], [353.2052, 54], [354.23532, 74]]",22012.35172,16687.93627,23799.62002,17424.46209,11621.63152,,21003.78398,12169.82815,23458.97267,876.378908,10272.79224,,53473.79603,60196.94323
ft-00094,353.34314,[M-H]-,"[[288.87253, 102], [353.34744, 132], [353.49149, 70]]",16903.91834,16942.12975,16553.07643,13725.37747,15411.89333,,2524.331946,3980.30724,7162.857185,1399.699975,1415.560634,,19179.31955,971.0848906
ft-00095,367.35846,[M-H]-,"[[367.35864, 360]]",83372.04195,99658.41294,99383.71994,79955.82306,85267.64848,,14262.53143,26203.77045,38808.24079,2641.115246,22085.99573,,119284.4831,6245.066891
ft-00096,381.37366,[M-H]-,"[[381.37332, 116]]",17128.53552,26209.30267,23347.71134,17880.34484,20948.07378,,1521.779008,6025.207628,9550.444422,197.6976427,6502.260975,,26812.67738,2984.16335
ft-00097,395.39014,[M-H]-,"[[395.38913, 480]]",42384.37216,55865.10853,52294.61519,46009.24944,46391.44319,,5394.248363,17172.76248,20120.18671,253.2066298,8900.305032,,67243.73105,7982.970202
ft-00098,423.42215,[M-H]-,"[[423.41916, 282]]",25820.32873,35378.30992,35453.8412,28418.00928,30682.99122,,3594.19244,12962.84496,14365.05289,1845.233108,2897.579836,,43808.77227,6501.223059
ft-00099,451.45309,[M-H]-,"[[451.45386, 126]]",20610.95094,24505.55373,25914.46155,21322.49006,21704.60589,,3499.04661,7773.491834,12125.12995,173.9733705,2174.653329,,33484.65769,2022.086946
ft-00100,477.46878,[M-H]-,"[[477.46783, 220], [477.51572, 42]]",13168.27695,26337.75928,18137.02868,13702.37806,14714.45556,,1040.681402,12110.83139,7417.556948,824.8218523,4433.08115,,21590.45516,1042.870776
ft-00101,486.3967,[M-H]-,"[[486.39529, 50]]",60338.01897,54354.83561,55229.22358,49967.30131,49135.30873,,8955.549287,6376.259818,9673.386671,3490.767418,4729.267197,,57628.00538,6117.816363
ft-00102,515.39093,[M-H]-,"[[499.15314, 74], [515.38971, 160]]",2030.755656,2488.923063,3977.249042,1772.700219,1841.959219,,500.2366171,1330.882324,2462.08235,312.4224475,169.769547,,6206.449125,4984.686001
ft-00103,515.39166,[M-H]-,"[[515.3891, 136]]",1008.600109,1646.544609,2709.97025,1067.010906,711.156375,,179.8053567,808.8613163,1888.935216,212.7197727,339.7329428,,5392.720016,4382.403808
ft-00104,524.27747,[M-H]-,"[[524.27936, 44]]",27220.79016,19243.55977,17296.78252,13179.79747,26495.662,,5754.568028,5393.123773,6319.889317,123.903979,2585.318084,,28642.78255,14987.74697
ft-00105,526.31616,[M+HCOO]-,"[[241.21919, 178], [466.2937, 170]]",32064.10927,37540.19703,36986.72409,59751.50838,30785.78559,,2884.358473,12518.29257,15367.37674,2303.048466,6909.248821,,27042.75752,5427.036795
ft-00106,581.52673,[M-H]-,"[[224.02769, 64], [508.75317, 60], [536.52551, 44], [581.52332, 68]]",466878.0008,449658.8839,620136.722,360136.6243,416273.1835,,37107.35221,58471.96376,324237.6189,60535.26755,41601.43135,,481533.4592,61798.78656
ft-00107,609.55914,[M-H]-,"[[297.28955, 54], [609.56079, 54]]",136527.577,134624.605,222881.5013,109795.0458,121863.698,,7049.972057,16194.65838,171598.3782,16646.09562,13564.5336,,138045.7085,10927.72474
ft-00108,677.43591,[M-H]-,"[[283.26526, 90], [677.44073, 398], [677.53687, 42], [678.43451, 44]]",71513.66748,50062.6668,69264.68219,54762.90494,48051.70623,,18838.88634,18045.34748,25891.61026,2255.696707,18868.50588,,97741.82356,25259.74948
ft-00109,680.4903,[M+HCOO]-,"[[395.38882, 202], [620.46558, 250]]",77554.20122,74377.07164,71663.97114,69576.28403,70079.46066,,6566.368383,5569.64523,9911.317088,2485.266834,4473.693159,,74176.51091,1712.947513
ft-00110,726.54578,[M-H]-,"[[279.23358, 146], [281.24554, 84], [298.88931, 48], [385.93884, 120], [446.30359, 76], [464.31808, 44], [465.32089, 48], [559.29132, 102], [561.01031, 68], [610.24231, 60], [726.54706, 116]]",636.93575,516.4501406,3613.916583,10996.39459,50225.05742,,144.8607241,173.6094252,4779.257551,234.3005832,6424.607342,,349.0670781,300.5973546
ft-00111,728.56195,[M-H]-,"[[146.9659, 78], [281.24738, 244], [464.31546, 62], [647.76819, 88], [728.55688, 60]]",540.1,572.0734844,3969.822104,13362.86728,51744.42083,,159.6149493,335.469213,4576.675058,358.3519498,3893.584561,,416.1105469,152.0919751
ft-00112,730.57782,[M-H]-,"[[281.24887, 184], [297.97537, 50], [555.1582, 80], [730.58429, 90]]",364.4422344,351.1865469,3593.01851,16385.92328,33055.17259,,221.4036663,181.1024884,4552.624649,668.6172355,2925.36772,,183.8306094,123.5475419
ft-00113,738.66278,[M+HCOO]-,"[[279.23346, 56], [411.84805, 52], [436.43015, 46], [662.64978, 48], [692.65277, 102], [693.64789, 54]]",15487.07473,16338.10917,20233.68431,19604.63922,13798.7778,,2051.269451,5537.139382,8427.443753,876.7397093,1024.998736,,23189.45138,3022.108902
ft-00114,740.67871,[M+HCOO]-,"[[295.28357, 68], [694.67468, 138], [695.6723, 60]]",13492.36373,14252.08856,16602.50507,15533.57037,11801.37466,,1947.095522,3427.21585,6529.777481,571.1743413,712.9216507,,18386.09278,743.7481657
ft-00115,742.54034,[M-H]-,"[[261.35538, 68], [279.23425, 104], [283.26392, 76], [415.56143, 42], [480.31177, 104], [742.5379, 86]]",757.9079219,1009.512094,6544.746406,21760.09897,73360.29392,,251.3147492,626.8340939,8876.646965,1016.182139,7417.281615,,931.8223594,484.0163292
ft-00116,744.55701,[M-H]-,"[[281.24811, 188], [283.26492, 140], [687.75317, 76], [744.55878, 96]]",4893.013172,3556.686859,9786.59151,31960.404,71534.03627,,458.6694361,2017.820087,6674.580337,269.6814223,4414.548994,,5994.084828,1153.182515
ft-00117,753.54456,[M-H]-,"[[241.22343, 68], [242.21201, 92], [288.29352, 78], [377.21152, 224], [378.21445, 74], [395.22363, 68], [424.28433, 78], [666.50665, 132], [753.5448, 208], [754.66815, 48]]",496239.3202,428827.6675,459135.9357,463828.8425,455033.1035,,43927.85488,38725.3773,74856.45304,4949.063166,42256.95462,,468914.8528,19205.0243
ft-00118,768.54089,[M-H]-,"[[288.2944, 140], [377.20938, 60], [768.54297, 420]]",136930.7962,131375.2427,129180.2474,116261.5015,123290.0288,,13194.6236,19721.41966,14599.13455,2095.926769,7135.762063,,127134.8919,11347.81658
ft-00119,768.70984,[M+HCOO]-,"[[267.24762, 90], [323.29691, 48], [436.08127, 72], [615.74158, 48], [656.65851, 70], [722.70306, 176], [723.71753, 62]]",14623.24903,15136.77244,18123.15488,16892.60831,14088.9993,,1917.351558,3143.489206,6310.656849,223.5771763,1478.845478,,18935.47603,1618.013709
ft-00120,804.57892,[M+HCOO]-,"[[281.24026, 56], [707.5932, 42], [744.5545, 58]]",8257.605141,7657.695219,11061.6949,13194.80813,34231.07053,,3707.489458,3447.885422,5016.744748,101.4524106,2885.913746,,8246.152813,3381.327816
ft-00121,828.578,[M+HCOO]-,"[[279.20908, 52], [279.23267, 84], [768.5578, 90]]",1041.025625,946.7475781,4670.022542,13320.24313,46893.14036,,391.2586539,313.6292491,4626.687164,229.9178028,4863.679497,,504.7539531,315.4078231
ft-00122,830.59442,[M+HCOO]-,"[[281.24384, 52], [770.57629, 90]]",33232.09853,29982.49303,38056.51341,14919.92059,37843.76469,,21286.03355,19119.6635,17943.2047,563.4724901,27026.38395,,32692.26161,19132.36011
ft-00123,834.61066,[M-H]-,"[[678.55377, 60], [722.61908, 48], [834.61078, 248], [835.61627, 70]]",392059.5559,364698.8188,373829.8459,366320.3541,373505.7235,,21486.75098,15836.18085,29405.37486,9406.505171,11877.17037,,375469.7803,13601.67223
ft-00124,849.57782,[M-H]-,"[[849.57965, 180]]",932692.651,943933.899,946913.2464,901553.462,932237.8913,,39060.9592,44166.30816,56698.21713,10344.83985,49674.17812,,950418.1141,37812.1887
ft-00125,873.51715,[M-H]-,"[[873.49683, 52], [873.51941, 56]]",18922.55552,13306.99694,12709.00357,11617.06309,12827.00491,,7463.785481,1255.551981,2925.604231,1175.884238,5425.466917,,15203.82411,8128.513151
ft-00126,885.55206,[M-H]-,"[[207.06557, 74], [885.54706, 114]]",835.147625,457.4761875,2809.819833,7770.491812,42635.15258,,254.3928363,159.079883,3730.32815,661.0000603,5948.015914,,430.5136562,327.7812942
ft-00127,913.58856,[M-H]-,"[[913.58276, 134]]",52394.87028,45476.02281,44886.7204,61499.91406,52196.60678,,7171.890006,3175.77645,7872.608124,446.9690907,10151.31954,,66802.09202,4978.306393
ft-00128,915.6015,[M-H]-,"[[697.42883, 56], [915.60065, 116], [916.61011, 42]]",96733.21477,83446.74575,88150.58751,75885.09128,77303.3362,,8591.116988,7379.332442,5348.1945,3154.167398,4736.569265,,89911.30402,4764.716494
ft-00129,915.60333,[M-H]-,"[[278.17691, 44], [362.22675, 74], [389.22476, 66], [697.43414, 68], [915.6037, 246], [916.61151, 84]]",369882.0598,337299.6413,319594.4118,371210.6639,338371.2738,,55360.03039,29486.90167,36111.88451,2750.37796,17270.57568,,400291.2422,30475.76203
ft-00130,1013.73425,[M-H]-,"[[288.29337, 56], [485.34027, 368], [906.84418, 48], [1013.72992, 98], [1014.73962, 44]]",13716.73981,13226.88063,13618.338,11080.92641,12088.9867,,1869.530319,929.0065319,1782.958399,305.6047891,1304.413214,,11750.10716,618.8826257